"","qseq","qid","sid","pident","length","mismatch","gapopen","qstart","qend","sstart","send","evalue","bitscore"
"1","ACTATGCCCCGCCGTAAACTTAGATATTCCAGTACAATAAATATCCGCCAGGGGACTACGAGCGCCAGCTTAAAACCCAAAGGACTTGGCGGTGCTTCAGACCCCC","Seq_3","Brevoortia_tyrannus",100,106,0,0,1,106,506,611,3.08e-50,196
"2","ACTATGCCCCGCCGTAAACTTAGATATTCCAGTACAACAAATATCCGCCAGGGGACTACGAGCGCCAGCTTAAAACCCAAAGGACTTGGCGGTGCTTCAGACCCCC","Seq_4","Alosa_aestivalis",100,106,0,0,1,106,507,612,3.08e-50,196
"3","ACTATGCCTAGCCGTAAACATCGATAGT-GCATTACGTTAACTATCCGCCCGGGTACTACGAGCATGAGCTTAAAACCCAAAGGACTTGGCGGTGCTTTAGATCCAC","Seq_5","Lactoria_cornuta",93.458,107,5,2,1,106,508,613,1.45e-38,158
"4","ACTATGCCTAGCCCTAAACCCAAATAGTTAC-ATAACAA-AACTATTCGCCAGAGTACTACTCGCAACT-GCCTAAAACTCAAAGGACTTGGCGGTGCTTCA","Seq_6","Sardinella_zunasi",79.412,102,16,5,1,99,510,609,2.52e-11,67.6
"5","ATTCGCCAGAGTACTACTAGCAACAGCTTAAAACTCAAAGGACTTGGCGGTGCT","Seq_8","Eigenmannia_sp._CBM-ZF-10620",94.444,54,3,0,44,97,544,597,2.53e-16,84.2
"6","ACTATGCCTAGCCGTAAACATTGATAGTACATTACATTTGCTATCCGCCCGGGTACTACGAGCATAAGCTTAAAACCCAAAGGACTTGGCGGTGCTTTAGATCCAC","Seq_10","Centrolabrus_exoletus",97.17,106,3,0,1,106,506,611,3.1e-45,180
"7","ACTATGCCTAGCCGTAAACTTTTATGCTAATGTACAACTAGCATCCGCCAGGGAACTACAAGCACCAGCTTAAAACCCAAAGGACTTGGCGGTGCCTCAGACCCCC","Seq_11","Anchoa_mitchilli",100,106,0,0,1,106,507,612,3.08e-50,196
"8","ACTATGCTTAGCCTTAAACTTAGATAATA-GATTACCTAAATTATCCGCCTGGGGACTACGAGCACTAGCTTAAAACCCAAAGGACTTGGCGGTGCTTAATAACCCC","Seq_13","Hypleurochilus_springeri",92.523,107,7,1,1,106,506,612,6.76e-37,152
"9","ACTATGCTTAGCCTTAAACATAGACAGTTGTTTACCCCCACTGTCCGCCCGGGCACTACGAGCATTAGCTTGAAACCCAAAGGACTTGGCGGTGCTTTAGACCCAC","Seq_14","Morone_saxatilis",100,106,0,0,1,106,512,617,3.08e-50,196
"10","ACTATGCCCCGCCGTAAACTTAGATATTTCAGTACAATAAATATCCGCCAGGGGACTACGAGCGCCAGCTTAAAACCCAAAGGACTTGGCGGTGCTTCAGACCCCC","Seq_15","Brevoortia_tyrannus",99.057,106,1,0,1,106,506,611,1.43e-48,191
"11","GCCAGAGAACTACTAGCTACAGCTTAAAACTCAAAGGACTTGGCGGTACTTTA","Seq_16","Thyrsites_atun",90.566,53,5,0,48,100,560,612,1.97e-12,71.3
"12","ACTATGCTTAGCCCTAAAC-ATAGATAA-TTTTACAACAAAATAATTCGCCAGAGGACTACTAGCAATAGCTTAAAACTCAAAGGACTTGGCGGTGC","Seq_17","Lepidosiren_paradoxa",83.505,97,12,3,1,95,500,594,1.93e-17,87.9
"13","ACTATGCTCAGCCCTAAACATTGGTAGCGCATCACAGCCGCTACCCGCCTGGGTACTACGAGCACCAGCTTAAAACCCAAAGGACTTGGCGGTGCTTTAGACCCCC","Seq_18","Centropristis_striata",100,106,0,0,1,106,508,613,3.08e-50,196
"14","ACTATGCTTAGCCCTAAACATCGATTTAA-TACCCCATTAAATCCGCCTGGGGACTACGAACGTATGTTTAAAACCCCAAGGACTTGGCGGTGCTTTATATCCAC","Seq_19","Scophthalmus_maximus",92.381,105,7,1,1,104,505,609,8.53e-36,148
"15","ACTATGTGTGGCTGTTAACATCGAGGGCCCGATACTCTGACCCTCCGCCCGGGGACTACGAGCACTAGCTTAAAACCCAAAGGACTTGGCGGTGCTTTACCCCCCA","Seq_20","Merluccius_senegalensis",97.17,106,3,0,1,106,505,610,3.1e-45,180
"16","ACTATGCCTAGCCGTAAACATAAGCAGCCTATC-ACTCC-GCTGTTCGCCAGGGGACTACAAGCCCCAGCTTAAAACCCAAAGGACTTGGCGGTGCTTTAGACCC","Seq_22","Rhinogobius_shennongensis",89.524,105,8,3,1,103,509,612,3.13e-30,130
"17","ACTATGCTCAACCTTAAACAACGATGACAACATACAAATATCATCCGCCAGGGGACTACGAGCGTTAGCTTAAAACCCAAAGGACTTGGCGGTGCCTCAAACCCAC","Seq_26","Anguilla_rostrata",100,106,0,0,1,106,505,610,3.08e-50,196
"18","ACTATGCTCAGCCGTAAACAACGATAGC-CCCTGCACTTGCTACCCGCCCGGGAACTACGAGCCCCAGCTTGAAACCCAAAGGACTTGGCGGTGCTTAAGATCCAC","Seq_28","Siniperca_fortis",88.679,106,11,1,1,105,506,611,1.13e-29,128
"19","ACTATGCCTAGCCGTAAACACCGATAGT-GCATTACGTTAACTATCCGCCCGGGTACTACGAGCATGAGCTTAAAACCCAAAGGACTTGGCGGTGCTTTAGATCCAC","Seq_30","Lactoria_cornuta",92.523,107,6,2,1,106,508,613,6.76e-37,152
"20","ACTATGCCTAGCCCTAAACACAAATAGTTAC-ATAACAA-AACTATTCGCCAGAGTACTACTCGCAACT-GCCTAAAACTCAAAGGACTTGGCGGTGCTTCA","Seq_31","Sardinella_zunasi",79.412,102,16,5,1,99,510,609,2.52e-11,67.6
"21","ACTATGTATGGTTGTTAACATCGATGGTTTTATACCCAAACCATCCGCCTGGGGACTACGAGCAATAGCTTAAAACCCAAAGGACTTGGCGGTGCTTTAGACCCCC","Seq_32","Eleginus_gracilis",98.113,106,2,0,1,106,512,617,6.66e-47,185
"22","ACTATGCTTAGCCATAAACATTGACAGTCTACTACATTTTCTGTCCGCCCGGGAACTACGAGCATTAGCTTAAAACCCAAAGGACTTGGCGGTGCTTTAGACCCAC","Seq_34","Calamus_penna",97.17,106,3,0,1,106,510,615,3.1e-45,180
"23","ACTATGCTTAGCCTTAAACATTGACAACAACATACACCTGTTGTCCGCCTGGGTACTACGAGCATTAGCTTAAAACCCAAAGGACTTGGCGGTGCTTTAGACCCAC","Seq_35","Nibea_mitsukurii",97.17,106,3,0,1,106,510,615,3.1e-45,180
"24","ACTATGCTTAGCCCTAAACTTAGATAGTTATCCTAAACAA-AACTATCCGCCAGAGAACTACCAGCAACAGCTTAGAACTCAAAGGACTTGGCGGTGCTTTACATCC","Seq_38","Parambassis_ranga",83.178,107,14,3,1,106,508,611,1.18e-19,95.3
"25","AAACCATTCGCCAGACTACTACAAGCAACAGCTTAAAACTCAAAGGACTTGGCGGTGCTTTACATCCC","Seq_41","Gadomus_longifilis",89.706,68,7,0,39,106,544,611,1.96e-17,87.9
"26","ACTATGCTTAGCCCTAAACATCGATTGTATAATACACTCAATATCCGCCCGGGGATTACAAACGTTAGTTTAAAACCCAAAGGACTTGGCGGTGCTTAACATCCAC","Seq_44","Paralichthys_adspersus",100,106,0,0,1,106,507,612,3.08e-50,196
"27","ACTATGCTTAGCCTTAAACATAGACAGTTGCTTATTCCCACTGTCCGCCAGGGTACTACGAGCATTAGCTTGAAACCCAAAGGACTTGGCGGTGCTTTAGACCCAC","Seq_45","Dicentrarchus_labrax",100,106,0,0,1,106,513,618,3.08e-50,196
"28","ACTATGCTTAGCCCTAAACATCGATTGCACCATACACTCCATATCCGCCCGGGAATTATGAACGTCAGTTTAAAACCCAAAGGACTTGGCGGTGCTTAACATCCAC","Seq_48","Lepidopsetta_polyxystra",100,106,0,0,1,106,506,611,3.08e-50,196
"29","ACTATGCCTAGCCGTAAACTTTGATGGAAACATACAACTGACATCCGCCAGGGGACTATAAGCGCCAGCTTAAAACCCAAAGGACTTGGCGGTGCCTCAGACCCAC","Seq_49","Salmo_salar",100,106,0,0,1,106,504,609,3.08e-50,196
"30","ACTATGCTCAGTCATAAACTTTGGTGATAAATTACACATATTGCCCGCCAGGGTACTACGAGCGCTAGCTTAAAACCCAAAGGACTTGGCGGTGCCCCAGACCCAC","Seq_53","Acipenser_schrenckii_x_Acipenser_baerii",100,106,0,0,1,106,520,625,3.08e-50,196
"31","ACTATGCCTAGCCCTAAACATAAAT-AATTAACGTAACAAAATTATTTGCCAGAGAACTACTAGCAACAGCTTAAAACTCAAAGGACTTGGCGGTGCTTT","Seq_54","Gymnotus_sylvius",83,100,13,3,1,99,507,603,1.96e-17,87.9
"32","ACTATGCCCCGCCGTAAACTTAGATATTCCAGTACAATAAGTATCCGCCAGGGGACTACGAGCGCCAGCTTAAAACCCAAAGGACTTGGCGGTGCTTCAGACCCCC","Seq_56","Brevoortia_tyrannus",99.057,106,1,0,1,106,506,611,1.43e-48,191
"33","ACTACTAGCCATAGCTTAAAACTCAAAGGACTTGGCGGTACTTTATATCCA","Seq_59","Parambassis_ranga",90.196,51,5,0,57,107,562,612,2.58e-11,67.6
"34","ACTACAAGCAATAGCTTAAAACTCAAAGGACTTGGCGGTGCTTTATATCC","Seq_60","Parambassis_ranga",94,50,3,0,58,107,562,611,4.34e-14,76.8
"35","ACTATGCTTAGCCCTAAACATAGACAGTTGTTTACCCCCACTGTCCGCCCGGGTACTACGAGCATTAGTTTGAAACCCAAAGGACTTGGCGGTGCTTTAGACCCAC","Seq_61","Morone_americana",100,106,0,0,1,106,512,617,3.08e-50,196
"36","ACTATGCTTAGCCCTAAACTTAGATAGTTATCCTAAACAA-AACTATCCGCCAGAGAACTACTAGCAATAGCTTAAAACTCAAAGGACTTGGCGGTGCTTTACATCC","Seq_62","Parambassis_ranga",85.047,107,12,3,1,106,508,611,5.47e-23,106
"37","ACTATGCTTAGCCCTAAACATTGGCAGCACACCACATATGCTGCCCGCCTGGGAAGTAAGAGCACCAGCTTGAAACCCAAAGGACTTGGCGGTGCTTTAGATCCCC","Seq_64","Prionotus_evolans",100,106,0,0,1,106,510,615,3.08e-50,196
"38","ACTATGCCCAGCCCTAAACTTTGATAGCCCACTACACCCGCTATCCGCCCGGGTACTACGAGCACTAGCTTAAAACCCAAAGGACTTGGCGGTGCTTTAGATCCAC","Seq_66","Oreochromis_grahami",100,106,0,0,1,106,506,611,3.08e-50,196
"39","ACTATGCCTAGCCGTAAACTTTTATGCTAATATACAACTAGCATCCGCCAGGGAACTACAAGCACCAGCTTAAAACCCAAAGGACTTGGCGGTGCCTCAGACCCCC","Seq_70","Anchoa_mitchilli",99.057,106,1,0,1,106,507,612,1.43e-48,191
"40","ACTATGCCCCGCCGTAAACTTAGATATTCCAGTACAATAGATATCCGCCAGGGGACTACGAGCGCCAGCTTAAAACCCAAAGGACTTGGCGGTGCTTCAGACCCCC","Seq_72","Brevoortia_tyrannus",99.057,106,1,0,1,106,506,611,1.43e-48,191
"41","ACTATGCCTAGCCGTAAACATTGATAGTACATTACATTTGCTATCCGCCCGGGTACTACGAGCATAAGCTTAAAACCCAAAGGACTTGGCGGTGCTTTAAATCCAC","Seq_73","Centrolabrus_exoletus",96.226,106,4,0,1,106,506,611,1.44e-43,174
"42","ACTATGCCCCGCCGTAAACTTAGATATTCCAGTACAACAAATATCCGCCAGGGGACTACAAGCGCCAGCTTAAAACCCAAAGGACTTGGCGGTGCTTCAGACCCCC","Seq_74","Alosa_aestivalis",99.057,106,1,0,1,106,507,612,1.43e-48,191
"43","ACTATGCCTAGCCGTAAACCTTGATAGAAATATACAATTGATATCCGCCAGGGAACTACAAGCGCCAGCTTAAAACCCAAAGGACTTGGCGGTGCCTCAGACCCAC","Seq_75","Oncorhynchus_clarkii",100,106,0,0,1,106,505,610,3.08e-50,196
"44","ACTATGCATAACTGTAAACACAGATAGCAACTTACTCGCAATCCGCCAGGGAACTACAAGCACTGGCTTGAAACCCAAAGGACTTGGCGGTGCTTTAGACCCAC","Seq_77","Syngnathus_temminckii",96.154,104,4,0,1,104,502,605,1.82e-42,171
"45","ACTATGCTTAGCCCTAAACATTGACTGTTTATTACAT-AAACATCCGCCTGGGAACTACGAACATTAGTTTAAAACCCAAAGGACTTGGCGGTGCTTAACATCCAC","Seq_82","Caranx_crysos",95.283,106,4,1,1,105,507,612,2.38e-41,167
"46","ACTATGCCTAGCCGTAAACATCGATAGT-GCATTACGTTAACTATCCGCCCAGGTACTACGAGCATGAGCTTAAAACCCAAAGGACTTGGCGGTGCTTTAGATCCAC","Seq_83","Lactoria_cornuta",92.523,107,6,2,1,106,508,613,6.76e-37,152
"47","ACTATGCCCCGCCGTAAACTTAGATATATTAGTACAACAAATATCCGCCCGGGAACTACGAGCGCCAGCTTAAAACCCAAAGGACTTGGCGGTGCTTCAGACCCCC","Seq_86","Sprattus_sprattus",100,106,0,0,1,106,509,614,3.08e-50,196
"48","ACTATGCACCGCCGTAAACCTTGATAGAAAACCACAACCCCTATCCGCCCGGGGACTACGAGCATAAGCTTAAAACCCAAAGGACTTGGCGGTGCTTTAGACCCCC","Seq_87","Poecilia_reticulata",100,106,0,0,1,106,509,614,3.08e-50,196
"49","ACTATGCCACGCCGTAAACTTAGATATTCCAGTACAACAAATATCCGCCAGGGGACTACGAGCGCCAGCTTAAAACCCAAAGGACTTGGCGGTGCTTCAGACCCCC","Seq_89","Alosa_aestivalis",99.057,106,1,0,1,106,507,612,1.43e-48,191
"50","ACTATGCCTAGCCGTAAACACCGATAGTGCATTACGTTAACTATCCGCCCGGGTACTACGAGCATGAGCTTAAAACCCAAAGGACTTGGCGATGCTTTAGATCCAC","Seq_90","Fundulus_pulvereus",86.792,106,13,1,1,106,506,610,2.47e-26,117
"51","ACTATGCCCCGCCGTAAACTTAGATATTTCAGTACAATAAGTATCCGCCAGGGGACTACGAGCGCCAGCTTAAAACCCAAAGGACTTGGCGGTGCTTCAGACCCCC","Seq_91","Brevoortia_tyrannus",98.113,106,2,0,1,106,506,611,6.66e-47,185
"52","ACTATGCCCCGCCATAAACTTAGATATTCCAATACAATAAATATCCGCCAGGGGACTACGAGCGCCAGCTTAAAACCCAAAGGACTTGGCGGTGCTTCAGACCCCC","Seq_92","Brevoortia_tyrannus",98.113,106,2,0,1,106,506,611,6.66e-47,185
"53","ACTATGTGTGGTCCTCAACATCGATAATTATTGTACTTAAATTATCCGCCCGGGAACTACGAGCATTAGCTTAAAACCCAAAGGACTTGGCGGTGCTTTAGACCCCC","Seq_93","Parajulis_poecilepterus",88.785,107,11,1,1,107,503,608,3.21e-30,130
"54","ACTATGCTTAGCCGTAAACATTGATAGAGATTTACACCTTCTATCCGCCTGGGAACTACGAGCATTAGCTTAAAACCCAAAGGACTTGGCGGTACTTTAGATCCCC","Seq_95","Peprilus_triacanthus",99.057,106,1,0,1,106,506,611,1.43e-48,191
"55","ACTATGCCTAGCCGTAAACATAAGCAGC-CTAGCACTCC-GCTGTTCGCCAGGGGACTACAAGCCCCAGCTTAAAACCCAAAGGACTTGGCGGTGCTTTAGACCCCC","Seq_96","Lethrinus_laticaudis",88.785,107,8,3,1,105,510,614,1.13e-29,128
"56","ACTATGCCCCGCCGTAAACTTAGATATTCCAATACAATAAATATCCGCCAGGGGACTACGAGCGCCAGCTTAAAACCCAAAGGACTTGGCGGTGCTTCAGACCCCC","Seq_98","Brevoortia_tyrannus",99.057,106,1,0,1,106,506,611,1.43e-48,191
"57","ACTATGCTTAGCCCTAAACTTTGAT-AATTTCATAACAAAATTATTCGCCAGAGAACTACAAGCCAAAGCTTAAAACTCAAAGGACTTGGCGGTGCTTTATACCCAC","Seq_101","Gymnotus_sylvius",85.047,107,14,2,1,106,507,612,1.48e-23,108
"58","ACTATGCCTAGCCGTAAACATCGATAGTG-CATTACGTTAACTATCCGCCCGGGTACTACGAGCATGAGCTTAAAACCCAAAGGACTTTGCGGTGCTTTAGATCCAC","Seq_102","Lactoria_cornuta",92.523,107,6,2,1,106,508,613,6.76e-37,152
"59","ACTATGCTTAGCCCTAAACAATGATACTTACATACATCCACCATCCGCCCGGGTACTACGAGCATTAGCTTAAAACCCAAAGGACTTGGCGGTGCTTTAAAACCAT","Seq_104","Sphoeroides_nephelus",100,106,0,0,1,106,508,613,3.08e-50,196
"60","ACTATGCCTAGCCGTAAACTTTGGTGATAAAACACACATATCACCCGCCCGGGTACTACGAGCATTAGCTTAAAACCCAAAGGACTTGGCGGTGCTTTAGATCCAC","Seq_107","Menidia_menidia",100,106,0,0,1,106,508,613,3.08e-50,196
"61","ACTATGCCTAGCCCTAAACATTGATAGTATTATACACCCACTATCCGCCTGGGAACTACGAGCATTAGCTTAAAACCCAAAGGACTTGGCGGTGCTTTAGATCCAC","Seq_109","Pholis_ornata",100,106,0,0,1,106,507,612,3.08e-50,196
"62","ACTATGCTCAGCCGTAAACTCAGACATCCAGCTACAATTAGATGTCCGCCAGGGTACTACGAGCATTAGCTTAAAACCCAAAGGACCTGACGGTGTCTCAGACCCCC","Seq_112","Cyprinus_carpio_'mirror'_x_Cyprinus_carpio_'singuonensis'",100,107,0,0,1,107,509,615,8.66e-51,198
"63","AAACTGTTCGCCAGAACACTACAAGCAACAGCTTAAAACTCAAAGGACTTGGCGGTGCTTTATATCCC","Seq_113","Gadomus_longifilis",86.765,68,9,0,39,106,544,611,4.24e-14,76.8
"64","ACTATGCCCCGCCGTAAACTTAGATATTCCAGTACAATAAGTATCCGCCAGGGGACTACGAGCGCCAGCTTAAAACCCAAAGGACTTGACGGTGCTTCAGACCCCC","Seq_114","Brevoortia_tyrannus",98.113,106,2,0,1,106,506,611,6.66e-47,185
"65","ACTATGCCCCGCCGTAAACTTAGATATTCCAGTACAACAAATATCTGCCAGGGGACTACGAGCGCCAGCTTAAAACCCAAAGGACTTGGCGGTGCTTCAGACCCCC","Seq_115","Alosa_aestivalis",99.057,106,1,0,1,106,507,612,1.43e-48,191
"66","ACTATGCCTAGCCGTAAACATCGATAGT-GCATTACGTTAACTATCCGCCCGGGTACTACGAGCATGAGCTTAAAACCCAAAGGACTTGGCGGTGCTTTAGATCC","Seq_121","Lactoria_cornuta",93.333,105,5,2,1,104,508,611,1.88e-37,154
"67","ACAAAACT-GTTGGCCAGAACACTACAAGCAACAGCTTAAAACTCAAAGGACTTGGCGGTGCTTT","Seq_124","Gymnotus_sylvius",86.154,65,7,2,36,99,540,603,7.09e-12,69.4
"68","ACTATGCCTAGCCGTAAACATCGATAGTG-CATTACGTTAACTATCCGCCCGGGTACTACGAGCATGAGCTTAAAACCCAAAGGACTTGGCGATGCTTTAGATCCAC","Seq_127","Lactoria_cornuta",92.523,107,6,2,1,106,508,613,6.76e-37,152
"69","ACTATGCCTAGCCGTAAACACCGATAGT-GCATTACGTTAACTATCCGCCCGGGTACTACGAGCATGAGCTTAAAACCCAAAGGACTTGGCGGTGCTTTAGATCC","Seq_148","Lactoria_cornuta",92.381,105,6,2,1,104,508,611,8.74e-36,148
